<?xml version="1.0" encoding="UTF-8"?>
<root>
  <item name="com.tencent.qcloud.tuikit.tuichat.util.PermissionHelper void requestPermission(int, com.tencent.qcloud.tuikit.tuichat.util.PermissionHelper.PermissionCallback) 0">
    <annotation name="androidx.annotation.IntDef">
      <val name="value" val="{com.tencent.qcloud.tuikit.tuichat.util.PermissionHelper.PERMISSION_MICROPHONE, com.tencent.qcloud.tuikit.tuichat.util.PermissionHelper.PERMISSION_CAMERA, com.tencent.qcloud.tuikit.tuichat.util.PermissionHelper.PERMISSION_STORAGE}" />
    </annotation>
  </item>
  <item name="com.tencent.qcloud.tuikit.tuichat.util.PermissionHelper.PermissionType">
    <annotation name="androidx.annotation.IntDef">
      <val name="value" val="{com.tencent.qcloud.tuikit.tuichat.util.PermissionHelper.PERMISSION_MICROPHONE, com.tencent.qcloud.tuikit.tuichat.util.PermissionHelper.PERMISSION_CAMERA, com.tencent.qcloud.tuikit.tuichat.util.PermissionHelper.PERMISSION_STORAGE}" />
    </annotation>
  </item>
</root>

