<?xml version="1.0" encoding="UTF-8"?>
<root>
  <item name="com.tencent.qcloud.tuicore.util.PermissionRequester com.tencent.qcloud.tuicore.util.PermissionRequester permission(java.lang.String) 0">
    <annotation name="androidx.annotation.StringDef">
      <val name="value" val="{com.tencent.qcloud.tuicore.util.PermissionRequester.PermissionConstants.CALENDAR, com.tencent.qcloud.tuicore.util.PermissionRequester.PermissionConstants.CAMERA, com.tencent.qcloud.tuicore.util.PermissionRequester.PermissionConstants.CONTACTS, com.tencent.qcloud.tuicore.util.PermissionRequester.PermissionConstants.LOCATION, com.tencent.qcloud.tuicore.util.PermissionRequester.PermissionConstants.MICROPHONE, com.tencent.qcloud.tuicore.util.PermissionRequester.PermissionConstants.PHONE, com.tencent.qcloud.tuicore.util.PermissionRequester.PermissionConstants.SENSORS, com.tencent.qcloud.tuicore.util.PermissionRequester.PermissionConstants.SMS, com.tencent.qcloud.tuicore.util.PermissionRequester.PermissionConstants.STORAGE}" />
    </annotation>
  </item>
  <item name="com.tencent.qcloud.tuicore.util.PermissionRequester.PermissionConstants java.lang.String[] getPermissions(java.lang.String) 0">
    <annotation name="androidx.annotation.StringDef">
      <val name="value" val="{com.tencent.qcloud.tuicore.util.PermissionRequester.PermissionConstants.CALENDAR, com.tencent.qcloud.tuicore.util.PermissionRequester.PermissionConstants.CAMERA, com.tencent.qcloud.tuicore.util.PermissionRequester.PermissionConstants.CONTACTS, com.tencent.qcloud.tuicore.util.PermissionRequester.PermissionConstants.LOCATION, com.tencent.qcloud.tuicore.util.PermissionRequester.PermissionConstants.MICROPHONE, com.tencent.qcloud.tuicore.util.PermissionRequester.PermissionConstants.PHONE, com.tencent.qcloud.tuicore.util.PermissionRequester.PermissionConstants.SENSORS, com.tencent.qcloud.tuicore.util.PermissionRequester.PermissionConstants.SMS, com.tencent.qcloud.tuicore.util.PermissionRequester.PermissionConstants.STORAGE}" />
    </annotation>
  </item>
  <item name="com.tencent.qcloud.tuicore.util.PermissionRequester.PermissionConstants.Permission">
    <annotation name="androidx.annotation.StringDef">
      <val name="value" val="{com.tencent.qcloud.tuicore.util.PermissionRequester.PermissionConstants.CALENDAR, com.tencent.qcloud.tuicore.util.PermissionRequester.PermissionConstants.CAMERA, com.tencent.qcloud.tuicore.util.PermissionRequester.PermissionConstants.CONTACTS, com.tencent.qcloud.tuicore.util.PermissionRequester.PermissionConstants.LOCATION, com.tencent.qcloud.tuicore.util.PermissionRequester.PermissionConstants.MICROPHONE, com.tencent.qcloud.tuicore.util.PermissionRequester.PermissionConstants.PHONE, com.tencent.qcloud.tuicore.util.PermissionRequester.PermissionConstants.SENSORS, com.tencent.qcloud.tuicore.util.PermissionRequester.PermissionConstants.SMS, com.tencent.qcloud.tuicore.util.PermissionRequester.PermissionConstants.STORAGE}" />
    </annotation>
  </item>
</root>

